a1,a2,a3,a4,a5,a6,a7,a8,a9,a10,a11,a12,a13,a14,a15,Peptide,Foreground Median,label
146.1,174.2,131.2,105.09,119.1,75.07,105.09,174.2,131.2,132.1,105.09,89.09,146.2,133.1,131.2,QRLSTGSRINSAKDL,334.0,0
146.1,174.2,131.2,105.09,119.1,75.07,105.09,174.2,131.2,132.1,105.09,115.1,146.2,133.1,133.1,QRLSTGSRINSPKDD,1662.0,1
146.1,174.2,131.2,105.09,119.1,75.07,105.09,165.2,131.2,132.1,105.09,89.09,146.2,133.1,133.1,QRLSTGSFINSAKDD,1272.0,1
146.1,174.2,131.2,105.09,119.1,75.07,105.09,174.2,131.2,132.1,105.09,181.2,146.2,133.1,133.1,QRLSTGSRINSYKDD,1368.0,1
146.1,174.2,131.2,105.09,119.1,75.07,105.09,174.2,131.2,132.1,105.09,89.09,146.2,146.1,133.1,QRLSTGSRINSAKQD,740.0,0
146.1,174.2,131.2,105.09,119.1,149.2,105.09,174.2,131.2,132.1,105.09,89.09,146.2,133.1,133.1,QRLSTMSRINSAKDD,1174.0,1
146.1,174.2,131.2,105.09,119.1,75.07,105.09,174.2,131.2,115.1,105.09,89.09,146.2,133.1,133.1,QRLSTGSRIPSAKDD,1104.0,1
146.1,174.2,89.09,105.09,119.1,75.07,105.09,174.2,131.2,132.1,105.09,89.09,146.2,133.1,133.1,QRASTGSRINSAKDD,2190.0,1
146.1,174.2,131.2,105.09,119.1,75.07,105.09,174.2,131.2,132.1,105.09,121.2,146.2,133.1,133.1,QRLSTGSRINSCKDD,2068.0,1
146.1,174.2,131.2,105.09,119.1,75.07,105.09,174.2,204.2,132.1,105.09,89.09,146.2,133.1,133.1,QRLSTGSRWNSAKDD,1496.0,1
146.1,174.2,131.2,105.09,119.1,75.07,105.09,149.2,131.2,132.1,105.09,89.09,146.2,133.1,133.1,QRLSTGSMINSAKDD,1126.0,1
146.1,174.2,131.2,105.09,181.2,75.07,105.09,174.2,131.2,132.1,105.09,89.09,146.2,133.1,133.1,QRLSYGSRINSAKDD,1632.0,1
146.1,174.2,131.2,105.09,119.1,75.07,105.09,174.2,131.2,146.1,105.09,89.09,146.2,133.1,133.1,QRLSTGSRIQSAKDD,1056.0,1
146.1,174.2,131.2,133.1,119.1,75.07,105.09,174.2,131.2,132.1,105.09,89.09,146.2,133.1,133.1,QRLDTGSRINSAKDD,3196.0,1
121.2,174.2,131.2,105.09,119.1,75.07,105.09,174.2,131.2,132.1,105.09,89.09,146.2,133.1,133.1,CRLSTGSRINSAKDD,2076.0,1
146.1,174.2,131.2,105.09,119.1,75.07,105.09,174.2,131.2,132.1,105.09,89.09,146.2,133.1,133.1,QRLSTGSRINSAKDD,1566.0,1
146.1,174.2,131.2,133.1,119.1,75.07,105.09,174.2,131.2,132.1,105.09,89.09,146.2,133.1,133.1,QRLDTGSRINSAKDD,2050.0,1
146.1,174.2,131.2,105.09,119.1,75.07,105.09,174.2,131.2,132.1,105.09,89.09,146.2,133.1,105.09,QRLSTGSRINSAKDS,346.0,0
146.1,174.2,131.2,105.09,119.1,75.07,105.09,174.2,131.2,131.2,105.09,89.09,146.2,133.1,133.1,QRLSTGSRILSAKDD,2088.0,1
146.1,174.2,131.2,105.09,119.1,174.2,105.09,174.2,131.2,132.1,105.09,89.09,146.2,133.1,133.1,QRLSTRSRINSAKDD,1568.0,1
146.1,174.2,131.2,105.09,119.1,75.07,119.1,174.2,131.2,132.1,105.09,89.09,146.2,133.1,133.1,QRLSTGTRINSAKDD,1286.0,1
146.1,174.2,131.2,105.09,119.1,75.07,105.09,174.2,131.2,132.1,133.1,89.09,146.2,133.1,133.1,QRLSTGSRINDAKDD,3602.0,1
146.1,174.2,131.2,147.1,119.1,75.07,105.09,174.2,131.2,132.1,105.09,89.09,146.2,133.1,133.1,QRLETGSRINSAKDD,2126.0,1
146.1,174.2,131.2,105.09,146.2,75.07,105.09,174.2,131.2,132.1,105.09,89.09,146.2,133.1,133.1,QRLSKGSRINSAKDD,772.0,0
146.1,174.2,131.2,105.09,119.1,75.07,105.09,119.1,131.2,132.1,105.09,89.09,146.2,133.1,133.1,QRLSTGSTINSAKDD,1082.0,1
146.1,174.2,131.2,105.09,119.1,75.07,105.09,174.2,131.2,132.1,105.09,89.09,146.2,121.2,133.1,QRLSTGSRINSAKCD,838.0,0
146.1,174.2,131.2,105.09,119.1,75.07,105.09,174.2,131.2,132.1,105.09,132.1,146.2,133.1,133.1,QRLSTGSRINSNKDD,1822.0,1
146.1,117.1,131.2,105.09,119.1,75.07,105.09,174.2,131.2,132.1,105.09,89.09,146.2,133.1,133.1,QVLSTGSRINSAKDD,1192.0,1
146.1,174.2,132.1,105.09,119.1,75.07,105.09,174.2,131.2,132.1,105.09,89.09,146.2,133.1,133.1,QRNSTGSRINSAKDD,1222.0,1
146.1,174.2,131.2,105.09,119.1,75.07,105.09,174.2,131.2,132.1,105.09,89.09,146.2,133.1,89.09,QRLSTGSRINSAKDA,816.0,0
146.1,174.2,131.2,105.09,119.1,75.07,105.09,174.2,131.2,132.1,105.09,89.09,181.2,133.1,133.1,QRLSTGSRINSAYDD,4342.0,1
146.1,174.2,131.2,105.09,119.1,105.09,105.09,174.2,131.2,132.1,105.09,89.09,146.2,133.1,133.1,QRLSTSSRINSAKDD,1104.0,1
146.1,174.2,181.2,105.09,119.1,75.07,105.09,174.2,131.2,132.1,105.09,89.09,146.2,133.1,133.1,QRYSTGSRINSAKDD,1632.0,1
146.1,174.2,131.2,105.09,119.1,75.07,105.09,174.2,131.2,132.1,105.09,133.1,146.2,133.1,133.1,QRLSTGSRINSDKDD,3558.0,1
146.1,174.2,115.1,105.09,119.1,75.07,105.09,174.2,131.2,132.1,105.09,89.09,146.2,133.1,133.1,QRPSTGSRINSAKDD,1296.0,1
146.1,131.2,131.2,105.09,119.1,75.07,105.09,174.2,131.2,132.1,105.09,89.09,146.2,133.1,133.1,QLLSTGSRINSAKDD,1146.0,1
146.1,174.2,131.2,105.09,119.1,75.07,105.09,174.2,131.2,132.1,105.09,89.09,146.2,204.2,133.1,QRLSTGSRINSAKWD,560.0,0
146.1,174.2,131.2,105.09,119.1,75.07,105.09,174.2,131.2,132.1,146.1,89.09,146.2,133.1,133.1,QRLSTGSRINQAKDD,1710.0,1
146.1,174.2,131.2,105.09,119.1,75.07,105.09,174.2,131.2,132.1,105.09,89.09,146.2,133.1,133.1,QRLSTGSRINSAKDD,1170.0,1
146.1,174.2,131.2,105.09,119.1,75.07,105.09,174.2,174.2,132.1,105.09,89.09,146.2,133.1,133.1,QRLSTGSRRNSAKDD,1300.0,1
146.1,174.2,131.2,105.09,119.1,75.07,133.1,174.2,131.2,132.1,105.09,89.09,146.2,133.1,133.1,QRLSTGDRINSAKDD,2948.0,1
146.1,174.2,131.2,105.09,119.1,75.07,105.09,174.2,131.2,132.1,149.2,89.09,146.2,133.1,133.1,QRLSTGSRINMAKDD,1210.0,1
146.1,174.2,155.2,105.09,119.1,75.07,105.09,174.2,131.2,132.1,105.09,89.09,146.2,133.1,133.1,QRHSTGSRINSAKDD,1582.0,1
146.1,174.2,131.2,117.1,119.1,75.07,105.09,174.2,131.2,132.1,105.09,89.09,146.2,133.1,133.1,QRLVTGSRINSAKDD,1068.0,1
146.1,174.2,131.2,105.09,119.1,75.07,105.09,174.2,131.2,149.2,105.09,89.09,146.2,133.1,133.1,QRLSTGSRIMSAKDD,1214.0,1
146.1,174.2,131.2,149.2,119.1,75.07,105.09,174.2,131.2,132.1,105.09,89.09,146.2,133.1,133.1,QRLMTGSRINSAKDD,1842.0,1
146.1,204.2,131.2,105.09,119.1,75.07,105.09,174.2,131.2,132.1,105.09,89.09,146.2,133.1,133.1,QWLSTGSRINSAKDD,1436.0,1
146.1,174.2,131.2,146.2,119.1,75.07,105.09,174.2,131.2,132.1,105.09,89.09,146.2,133.1,133.1,QRLKTGSRINSAKDD,1716.0,1
146.1,174.2,146.2,105.09,119.1,75.07,105.09,174.2,131.2,132.1,105.09,89.09,146.2,133.1,133.1,QRKSTGSRINSAKDD,1532.0,1
181.2,174.2,131.2,105.09,119.1,75.07,105.09,174.2,131.2,132.1,105.09,89.09,146.2,133.1,133.1,YRLSTGSRINSAKDD,744.0,0
146.1,174.2,131.2,174.2,119.1,75.07,105.09,174.2,131.2,132.1,105.09,89.09,146.2,133.1,133.1,QRLRTGSRINSAKDD,1846.0,1
146.1,174.2,131.2,105.09,119.1,75.07,131.2,174.2,131.2,132.1,105.09,89.09,146.2,133.1,133.1,QRLSTGIRINSAKDD,1064.0,1
146.1,174.2,119.1,105.09,119.1,75.07,105.09,174.2,131.2,132.1,105.09,89.09,146.2,133.1,133.1,QRTSTGSRINSAKDD,1184.0,1
146.1,174.2,131.2,105.09,119.1,75.07,105.09,174.2,131.2,132.1,89.09,89.09,146.2,133.1,133.1,QRLSTGSRINAAKDD,1724.0,1
146.1,174.2,131.2,105.09,119.1,75.07,146.1,174.2,131.2,132.1,105.09,89.09,146.2,133.1,133.1,QRLSTGQRINSAKDD,1164.0,1
146.1,174.2,131.2,105.09,119.1,75.07,105.09,174.2,131.2,132.1,105.09,131.2,146.2,133.1,133.1,QRLSTGSRINSIKDD,1874.0,1
146.1,174.2,131.2,105.09,165.2,75.07,105.09,174.2,131.2,132.1,105.09,89.09,146.2,133.1,133.1,QRLSFGSRINSAKDD,1500.0,1
146.1,174.2,131.2,105.09,119.1,75.07,105.09,174.2,131.2,132.1,121.2,89.09,146.2,133.1,133.1,QRLSTGSRINCAKDD,1902.0,1
146.1,174.2,131.2,105.09,119.1,204.2,105.09,174.2,131.2,132.1,105.09,89.09,146.2,133.1,133.1,QRLSTWSRINSAKDD,1544.0,1
146.1,121.2,131.2,105.09,119.1,75.07,105.09,174.2,131.2,132.1,105.09,89.09,146.2,133.1,133.1,QCLSTGSRINSAKDD,2462.0,1
146.1,174.2,131.2,105.09,119.1,75.07,105.09,131.2,131.2,132.1,105.09,89.09,146.2,133.1,133.1,QRLSTGSLINSAKDD,932.0,0
146.1,174.2,131.2,105.09,119.1,75.07,105.09,174.2,117.1,132.1,105.09,89.09,146.2,133.1,133.1,QRLSTGSRVNSAKDD,1280.0,1
146.1,174.2,131.2,105.09,119.1,75.07,105.09,174.2,131.2,132.1,105.09,89.09,146.2,89.09,133.1,QRLSTGSRINSAKAD,550.0,0
146.1,174.2,131.2,105.09,119.1,75.07,105.09,174.2,131.2,132.1,105.09,131.2,146.2,133.1,133.1,QRLSTGSRINSLKDD,1526.0,1
204.2,174.2,131.2,105.09,119.1,75.07,105.09,174.2,131.2,132.1,105.09,89.09,146.2,133.1,133.1,WRLSTGSRINSAKDD,1298.0,1
146.1,174.2,131.2,105.09,119.1,115.1,105.09,174.2,131.2,132.1,105.09,89.09,146.2,133.1,133.1,QRLSTPSRINSAKDD,2294.0,1
146.1,147.1,131.2,105.09,119.1,75.07,105.09,174.2,131.2,132.1,105.09,89.09,146.2,133.1,133.1,QELSTGSRINSAKDD,2162.0,1
146.1,174.2,131.2,105.09,119.1,75.07,105.09,174.2,131.2,132.1,105.09,89.09,133.1,133.1,133.1,QRLSTGSRINSADDD,9580.0,1
146.1,174.2,131.2,105.09,119.1,75.07,105.09,174.2,131.2,132.1,105.09,147.1,146.2,133.1,133.1,QRLSTGSRINSEKDD,2800.0,1
146.1,174.2,131.2,105.09,119.1,75.07,105.09,174.2,131.2,132.1,105.09,89.09,89.09,133.1,133.1,QRLSTGSRINSAADD,4722.0,1
146.1,174.2,131.2,105.09,119.1,119.1,105.09,174.2,131.2,132.1,105.09,89.09,146.2,133.1,133.1,QRLSTTSRINSAKDD,1438.0,1
146.1,174.2,131.2,105.09,119.1,75.07,105.09,174.2,131.2,132.1,132.1,89.09,146.2,133.1,133.1,QRLSTGSRINNAKDD,1366.0,1
146.1,174.2,117.1,105.09,119.1,75.07,105.09,174.2,131.2,132.1,105.09,89.09,146.2,133.1,133.1,QRVSTGSRINSAKDD,1270.0,1
146.1,174.2,131.2,105.09,119.1,75.07,105.09,174.2,131.2,132.1,105.09,119.1,146.2,133.1,133.1,QRLSTGSRINSTKDD,1056.0,1
146.1,174.2,131.2,105.09,119.1,75.07,105.09,174.2,131.2,132.1,105.09,89.09,146.2,121.2,133.1,QRLSTGSRINSAKCD,1028.0,1
146.1,174.2,131.2,105.09,119.1,75.07,105.09,174.2,131.2,117.1,105.09,89.09,146.2,133.1,133.1,QRLSTGSRIVSAKDD,1062.0,1
146.1,181.2,131.2,105.09,119.1,75.07,105.09,174.2,131.2,132.1,105.09,89.09,146.2,133.1,133.1,QYLSTGSRINSAKDD,1430.0,1
146.1,174.2,131.2,105.09,119.1,75.07,105.09,174.2,131.2,132.1,105.09,89.09,146.2,155.2,133.1,QRLSTGSRINSAKHD,178.0,0
146.1,174.2,204.2,105.09,119.1,75.07,105.09,174.2,131.2,132.1,105.09,89.09,146.2,133.1,133.1,QRWSTGSRINSAKDD,1744.0,1
146.1,174.2,131.2,105.09,119.1,75.07,105.09,174.2,131.2,132.1,105.09,89.09,146.2,133.1,131.2,QRLSTGSRINSAKDL,458.0,0
146.1,174.2,131.2,105.09,119.1,75.07,105.09,174.2,131.2,132.1,105.09,89.09,121.2,133.1,133.1,QRLSTGSRINSACDD,4658.0,1
146.1,174.2,131.2,105.09,119.1,75.07,149.2,174.2,131.2,132.1,105.09,89.09,146.2,133.1,133.1,QRLSTGMRINSAKDD,1974.0,1
146.1,174.2,131.2,105.09,119.1,75.07,105.09,174.2,131.2,132.1,105.09,89.09,146.2,147.1,133.1,QRLSTGSRINSAKED,1924.0,1
75.07,174.2,131.2,105.09,119.1,75.07,105.09,174.2,131.2,132.1,105.09,89.09,146.2,133.1,133.1,GRLSTGSRINSAKDD,1406.0,1
146.1,174.2,131.2,105.09,119.1,75.07,105.09,174.2,131.2,147.1,105.09,89.09,146.2,133.1,133.1,QRLSTGSRIESAKDD,3214.0,1
146.1,174.2,131.2,105.09,119.1,75.07,105.09,174.2,131.2,132.1,105.09,89.09,146.2,133.1,133.1,QRLSTGSRINSAKDD,1228.0,1
146.1,174.2,146.2,105.09,119.1,75.07,105.09,174.2,131.2,132.1,105.09,89.09,146.2,133.1,133.1,QRKSTGSRINSAKDD,942.0,0
146.1,174.2,131.2,105.09,119.1,75.07,146.2,174.2,131.2,132.1,105.09,89.09,146.2,133.1,133.1,QRLSTGKRINSAKDD,1350.0,1
146.1,174.2,131.2,146.2,119.1,75.07,105.09,174.2,131.2,132.1,105.09,89.09,146.2,133.1,133.1,QRLKTGSRINSAKDD,1040.0,1
146.1,174.2,131.2,105.09,119.1,75.07,105.09,174.2,115.1,132.1,105.09,89.09,146.2,133.1,133.1,QRLSTGSRPNSAKDD,1784.0,1
146.1,132.1,131.2,105.09,119.1,75.07,105.09,174.2,131.2,132.1,105.09,89.09,146.2,133.1,133.1,QNLSTGSRINSAKDD,1290.0,1
146.1,174.2,131.2,105.09,119.1,75.07,105.09,174.2,146.2,132.1,105.09,89.09,146.2,133.1,133.1,QRLSTGSRKNSAKDD,602.0,0
146.1,174.2,131.2,105.09,119.1,75.07,105.09,115.1,131.2,132.1,105.09,89.09,146.2,133.1,133.1,QRLSTGSPINSAKDD,1296.0,1
146.1,174.2,131.2,105.09,119.1,75.07,105.09,174.2,131.2,132.1,105.09,115.1,146.2,133.1,133.1,QRLSTGSRINSPKDD,1220.0,1
146.1,174.2,131.2,105.09,119.1,75.07,105.09,165.2,131.2,132.1,105.09,89.09,146.2,133.1,133.1,QRLSTGSFINSAKDD,1822.0,1
146.1,174.2,131.2,105.09,119.1,75.07,105.09,174.2,75.07,132.1,105.09,89.09,146.2,133.1,133.1,QRLSTGSRGNSAKDD,1214.0,1
146.1,174.2,131.2,105.09,119.1,75.07,105.09,174.2,131.2,89.09,105.09,89.09,146.2,133.1,133.1,QRLSTGSRIASAKDD,1292.0,1
146.1,174.2,131.2,105.09,119.1,75.07,105.09,174.2,131.2,132.1,105.09,89.09,131.2,133.1,133.1,QRLSTGSRINSALDD,4800.0,1
146.1,174.2,131.2,105.09,119.1,75.07,105.09,174.2,131.2,132.1,105.09,89.09,146.2,133.1,147.1,QRLSTGSRINSAKDE,2426.0,1
146.1,174.2,131.2,105.09,119.1,75.07,105.09,174.2,131.2,132.1,105.09,89.09,146.2,133.1,133.1,QRLSTGSRINSAKDD,1228.0,1
146.1,174.2,131.2,105.09,119.1,75.07,105.09,174.2,131.2,165.2,105.09,89.09,146.2,133.1,133.1,QRLSTGSRIFSAKDD,1648.0,1
146.1,174.2,131.2,105.09,119.1,75.07,146.2,174.2,131.2,132.1,105.09,89.09,146.2,133.1,133.1,QRLSTGKRINSAKDD,750.0,0
146.1,174.2,131.2,105.09,119.1,75.07,105.09,174.2,131.2,132.1,105.09,155.2,146.2,133.1,133.1,QRLSTGSRINSHKDD,744.0,0
146.1,174.2,131.2,105.09,119.1,75.07,105.09,174.2,131.2,132.1,105.09,89.09,146.2,133.1,165.2,QRLSTGSRINSAKDF,778.0,0
146.1,174.2,131.2,105.09,119.1,75.07,105.09,174.2,131.2,132.1,105.09,89.09,146.2,133.1,133.1,QRLSTGSRINSAKDD,846.0,0
146.1,174.2,131.2,105.09,119.1,75.07,105.09,174.2,131.2,132.1,105.09,89.09,146.2,133.1,133.1,QRLSTGSRLNSAKDD,1622.0,1
147.1,174.2,131.2,105.09,119.1,75.07,105.09,174.2,131.2,132.1,105.09,89.09,146.2,133.1,133.1,ERLSTGSRINSAKDD,1916.0,1
146.1,174.2,131.2,105.09,119.1,131.2,105.09,174.2,131.2,132.1,105.09,89.09,146.2,133.1,133.1,QRLSTISRINSAKDD,2114.0,1
146.1,174.2,174.2,105.09,119.1,75.07,105.09,174.2,131.2,132.1,105.09,89.09,146.2,133.1,133.1,QRRSTGSRINSAKDD,1358.0,1
146.1,204.2,131.2,105.09,119.1,75.07,105.09,174.2,131.2,132.1,105.09,89.09,146.2,133.1,133.1,QWLSTGSRINSAKDD,1516.0,1
146.1,174.2,131.2,105.09,119.1,75.07,105.09,174.2,131.2,132.1,105.09,89.09,147.1,133.1,133.1,QRLSTGSRINSAEDD,8852.0,1
146.1,174.2,131.2,105.09,119.1,75.07,105.09,174.2,131.2,132.1,147.1,89.09,146.2,133.1,133.1,QRLSTGSRINEAKDD,3416.0,1
146.1,174.2,131.2,105.09,119.1,75.07,105.09,174.2,131.2,132.1,105.09,89.09,119.1,133.1,133.1,QRLSTGSRINSATDD,2902.0,1
146.1,174.2,131.2,105.09,119.1,75.07,105.09,181.2,131.2,132.1,105.09,89.09,146.2,133.1,133.1,QRLSTGSYINSAKDD,1350.0,1
146.1,174.2,131.2,105.09,119.1,75.07,146.1,174.2,131.2,132.1,105.09,89.09,146.2,133.1,133.1,QRLSTGQRINSAKDD,1686.0,1
146.1,174.2,131.2,105.09,119.1,75.07,105.09,174.2,131.2,132.1,105.09,89.09,146.2,133.1,146.2,QRLSTGSRINSAKDK,18.0,0
146.1,174.2,131.2,105.09,119.1,75.07,105.09,174.2,131.2,132.1,105.09,89.09,146.2,133.1,117.1,QRLSTGSRINSAKDV,388.0,0
146.1,174.2,131.2,105.09,119.1,75.07,105.09,174.2,131.2,117.1,105.09,89.09,146.2,133.1,133.1,QRLSTGSRIVSAKDD,1262.0,1
146.1,149.2,131.2,105.09,119.1,75.07,105.09,174.2,131.2,132.1,105.09,89.09,146.2,133.1,133.1,QMLSTGSRINSAKDD,1782.0,1
146.1,174.2,131.2,105.09,119.1,75.07,105.09,174.2,131.2,132.1,105.09,89.09,146.2,133.1,155.2,QRLSTGSRINSAKDH,152.0,0
146.1,174.2,131.2,105.09,119.1,75.07,105.09,174.2,131.2,132.1,105.09,89.09,146.2,133.1,149.2,QRLSTGSRINSAKDM,702.0,0
146.1,174.2,131.2,105.09,119.1,75.07,105.09,174.2,131.2,132.1,105.09,89.09,146.2,133.1,132.1,QRLSTGSRINSAKDN,328.0,0
146.1,174.2,131.2,105.09,121.2,75.07,105.09,174.2,131.2,132.1,105.09,89.09,146.2,133.1,133.1,QRLSCGSRINSAKDD,1410.0,1
146.1,174.2,131.2,105.09,119.1,75.07,105.09,174.2,131.2,132.1,105.09,89.09,131.2,133.1,133.1,QRLSTGSRINSALDD,2566.0,1
146.1,174.2,131.2,105.09,119.1,75.07,105.09,174.2,131.2,132.1,131.2,89.09,146.2,133.1,133.1,QRLSTGSRINLAKDD,1698.0,1
146.1,174.2,131.2,105.09,131.2,75.07,105.09,174.2,131.2,132.1,105.09,89.09,146.2,133.1,133.1,QRLSIGSRINSAKDD,1174.0,1
146.1,174.2,131.2,105.09,119.1,75.07,105.09,174.2,131.2,132.1,105.09,89.09,146.2,133.1,133.1,QRLSTGSRINSAKDD,1794.0,1
146.1,174.2,75.07,105.09,119.1,75.07,105.09,174.2,131.2,132.1,105.09,89.09,146.2,133.1,133.1,QRGSTGSRINSAKDD,1546.0,1
146.1,174.2,131.2,105.09,121.2,75.07,105.09,174.2,131.2,132.1,105.09,89.09,146.2,133.1,133.1,QRLSCGSRINSAKDD,2220.0,1
146.1,174.2,131.2,105.09,119.1,75.07,105.09,174.2,131.2,132.1,105.09,89.09,146.2,133.1,133.1,QRLSTGSRINSAKDD,1862.0,1
146.1,174.2,131.2,105.09,119.1,155.2,105.09,174.2,131.2,132.1,105.09,89.09,146.2,133.1,133.1,QRLSTHSRINSAKDD,882.0,0
146.1,174.2,131.2,105.09,119.1,75.07,105.09,174.2,131.2,132.1,105.09,89.09,146.2,133.1,133.1,QRLSTGSRINSAKDD,1260.0,1
132.1,174.2,131.2,105.09,119.1,75.07,105.09,174.2,131.2,132.1,105.09,89.09,146.2,133.1,133.1,NRLSTGSRINSAKDD,1540.0,1
146.1,174.2,131.2,105.09,119.1,75.07,105.09,174.2,131.2,132.1,105.09,89.09,75.07,133.1,133.1,QRLSTGSRINSAGDD,2418.0,1
146.1,174.2,131.2,105.09,146.2,75.07,105.09,174.2,131.2,132.1,105.09,89.09,146.2,133.1,133.1,QRLSKGSRINSAKDD,1296.0,1
146.1,174.2,131.2,105.09,119.1,75.07,105.09,174.2,131.2,132.1,105.09,89.09,75.07,133.1,133.1,QRLSTGSRINSAGDD,5000.0,1
146.1,174.2,131.2,105.09,119.1,75.07,105.09,174.2,131.2,132.1,131.2,89.09,146.2,133.1,133.1,QRLSTGSRINIAKDD,1192.0,1
146.1,174.2,131.2,105.09,119.1,75.07,105.09,174.2,131.2,132.1,105.09,89.09,146.2,133.1,174.2,QRLSTGSRINSAKDR,568.0,0
146.1,174.2,131.2,105.09,119.1,75.07,105.09,174.2,131.2,132.1,146.1,89.09,146.2,133.1,133.1,QRLSTGSRINQAKDD,1246.0,1
146.1,174.2,131.2,105.09,119.1,75.07,105.09,147.1,131.2,132.1,105.09,89.09,146.2,133.1,133.1,QRLSTGSEINSAKDD,2322.0,1
146.1,174.2,131.2,105.09,119.1,75.07,115.1,174.2,131.2,132.1,105.09,89.09,146.2,133.1,133.1,QRLSTGPRINSAKDD,1520.0,1
131.2,174.2,131.2,105.09,119.1,75.07,105.09,174.2,131.2,132.1,105.09,89.09,146.2,133.1,133.1,LRLSTGSRINSAKDD,1630.0,1
146.1,174.2,131.2,105.09,119.1,75.07,105.09,174.2,131.2,132.1,133.1,89.09,146.2,133.1,133.1,QRLSTGSRINDAKDD,2356.0,1
146.1,174.2,131.2,105.09,119.1,75.07,105.09,174.2,131.2,132.1,105.09,75.07,146.2,133.1,133.1,QRLSTGSRINSGKDD,1672.0,1
146.1,174.2,131.2,105.09,119.1,75.07,105.09,174.2,131.2,119.1,105.09,89.09,146.2,133.1,133.1,QRLSTGSRITSAKDD,1272.0,1
146.1,174.2,131.2,105.09,119.1,75.07,105.09,174.2,131.2,132.1,105.09,89.09,146.2,133.1,149.2,QRLSTGSRINSAKDM,262.0,0
146.1,174.2,131.2,105.09,119.1,75.07,105.09,174.2,131.2,165.2,105.09,89.09,146.2,133.1,133.1,QRLSTGSRIFSAKDD,2366.0,1
146.1,174.2,131.2,105.09,119.1,75.07,147.1,174.2,131.2,132.1,105.09,89.09,146.2,133.1,133.1,QRLSTGERINSAKDD,3274.0,1
146.1,174.2,131.2,105.09,119.1,75.07,105.09,174.2,131.2,132.1,105.09,89.09,146.2,174.2,133.1,QRLSTGSRINSAKRD,686.0,0
146.1,174.2,131.2,105.09,204.2,75.07,105.09,174.2,131.2,132.1,105.09,89.09,146.2,133.1,133.1,QRLSWGSRINSAKDD,1392.0,1
146.1,174.2,131.2,105.09,119.1,75.07,105.09,174.2,131.2,146.2,105.09,89.09,146.2,133.1,133.1,QRLSTGSRIKSAKDD,548.0,0
146.1,174.2,131.2,105.09,119.1,75.07,105.09,174.2,131.2,132.1,105.09,89.09,105.09,133.1,133.1,QRLSTGSRINSASDD,3028.0,1
146.1,174.2,117.1,105.09,119.1,75.07,105.09,174.2,131.2,132.1,105.09,89.09,146.2,133.1,133.1,QRVSTGSRINSAKDD,1226.0,1
165.2,174.2,131.2,105.09,119.1,75.07,105.09,174.2,131.2,132.1,105.09,89.09,146.2,133.1,133.1,FRLSTGSRINSAKDD,1734.0,1
146.1,119.1,131.2,105.09,119.1,75.07,105.09,174.2,131.2,132.1,105.09,89.09,146.2,133.1,133.1,QTLSTGSRINSAKDD,1170.0,1
146.1,174.2,131.2,105.09,119.1,75.07,165.2,174.2,131.2,132.1,105.09,89.09,146.2,133.1,133.1,QRLSTGFRINSAKDD,2470.0,1
146.1,174.2,131.2,105.09,119.1,75.07,105.09,174.2,131.2,132.1,115.1,89.09,146.2,133.1,133.1,QRLSTGSRINPAKDD,1256.0,1
146.1,174.2,131.2,105.09,119.1,75.07,105.09,174.2,131.2,155.2,105.09,89.09,146.2,133.1,133.1,QRLSTGSRIHSAKDD,1354.0,1
146.1,174.2,131.2,105.09,119.1,75.07,105.09,174.2,131.2,132.1,155.2,89.09,146.2,133.1,133.1,QRLSTGSRINHAKDD,1022.0,1
146.1,174.2,131.2,105.09,119.1,75.07,105.09,174.2,131.2,132.1,105.09,89.09,146.2,181.2,133.1,QRLSTGSRINSAKYD,738.0,0
146.1,174.2,131.2,105.09,149.2,75.07,105.09,174.2,131.2,132.1,105.09,89.09,146.2,133.1,133.1,QRLSMGSRINSAKDD,1666.0,1
146.1,174.2,131.2,119.1,119.1,75.07,105.09,174.2,131.2,132.1,105.09,89.09,146.2,133.1,133.1,QRLTTGSRINSAKDD,1270.0,1
146.1,174.2,131.2,105.09,119.1,75.07,105.09,115.1,131.2,132.1,105.09,89.09,146.2,133.1,133.1,QRLSTGSPINSAKDD,970.0,0
146.1,174.2,131.2,105.09,119.1,75.07,105.09,174.2,131.2,132.1,181.2,89.09,146.2,133.1,133.1,QRLSTGSRINYAKDD,1982.0,1
146.1,174.2,131.2,105.09,119.1,75.07,105.09,174.2,131.2,132.1,105.09,89.09,121.2,133.1,133.1,QRLSTGSRINSACDD,6336.0,1
146.1,174.2,131.2,105.09,119.1,75.07,105.09,174.2,131.2,132.1,105.09,89.09,146.2,155.2,133.1,QRLSTGSRINSAKHD,382.0,0
146.1,174.2,131.2,105.09,119.1,75.07,105.09,174.2,131.2,132.1,105.09,89.09,146.2,115.1,133.1,QRLSTGSRINSAKPD,362.0,0
146.1,174.2,119.1,105.09,119.1,75.07,105.09,174.2,131.2,132.1,105.09,89.09,146.2,133.1,133.1,QRTSTGSRINSAKDD,1278.0,1
146.1,174.2,131.2,105.09,119.1,75.07,105.09,174.2,131.2,132.1,105.09,89.09,146.2,133.1,133.1,QRLSTGSRINSAKDD,1090.0,1
146.1,146.2,131.2,105.09,119.1,75.07,105.09,174.2,131.2,132.1,105.09,89.09,146.2,133.1,133.1,QKLSTGSRINSAKDD,1086.0,1
146.1,174.2,131.2,105.09,119.1,75.07,105.09,174.2,131.2,132.1,105.09,133.1,146.2,133.1,133.1,QRLSTGSRINSDKDD,2602.0,1
146.1,174.2,131.2,121.2,119.1,75.07,105.09,174.2,131.2,132.1,105.09,89.09,146.2,133.1,133.1,QRLCTGSRINSAKDD,2272.0,1
146.1,174.2,131.2,105.09,119.1,75.07,105.09,174.2,131.2,132.1,105.09,89.09,155.2,133.1,133.1,QRLSTGSRINSAHDD,1484.0,1
146.1,174.2,131.2,105.09,119.1,75.07,105.09,174.2,132.1,132.1,105.09,89.09,146.2,133.1,133.1,QRLSTGSRNNSAKDD,1574.0,1
146.1,174.2,131.2,105.09,119.1,75.07,105.09,174.2,131.2,132.1,105.09,105.09,146.2,133.1,133.1,QRLSTGSRINSSKDD,1070.0,1
146.1,174.2,131.2,105.09,119.1,75.07,105.09,174.2,131.2,132.1,204.2,89.09,146.2,133.1,133.1,QRLSTGSRINWAKDD,1764.0,1
115.1,174.2,131.2,105.09,119.1,75.07,105.09,174.2,131.2,132.1,105.09,89.09,146.2,133.1,133.1,PRLSTGSRINSAKDD,1406.0,1
146.1,174.2,131.2,105.09,119.1,131.2,105.09,174.2,131.2,132.1,105.09,89.09,146.2,133.1,133.1,QRLSTISRINSAKDD,892.0,0
146.1,174.2,131.2,105.09,119.1,75.07,105.09,174.2,131.2,132.1,105.09,89.09,146.2,133.1,133.1,QRLSTGSRINSAKDD,1140.0,1
146.1,174.2,131.2,105.09,105.09,75.07,105.09,174.2,131.2,132.1,105.09,89.09,146.2,133.1,133.1,QRLSSGSRINSAKDD,1226.0,1
146.1,174.2,131.2,105.09,119.1,75.07,105.09,174.2,131.2,132.1,105.09,89.09,146.2,133.1,133.1,QRLSTGSRINSAKDD,1414.0,1
146.1,174.2,131.2,105.09,119.1,75.07,105.09,174.2,131.2,132.1,105.09,89.09,89.09,133.1,133.1,QRLSTGSRINSAADD,3796.0,1
146.1,174.2,131.2,105.09,119.1,75.07,105.09,133.1,131.2,132.1,105.09,89.09,146.2,133.1,133.1,QRLSTGSDINSAKDD,1554.0,1
146.1,174.2,131.2,105.09,119.1,75.07,119.1,174.2,131.2,132.1,105.09,89.09,146.2,133.1,133.1,QRLSTGTRINSAKDD,1274.0,1
146.1,174.2,131.2,105.09,119.1,75.07,105.09,174.2,115.1,132.1,105.09,89.09,146.2,133.1,133.1,QRLSTGSRPNSAKDD,1076.0,1
146.1,174.2,131.2,165.2,119.1,75.07,105.09,174.2,131.2,132.1,105.09,89.09,146.2,133.1,133.1,QRLFTGSRINSAKDD,1610.0,1
146.1,174.2,146.1,105.09,119.1,75.07,105.09,174.2,131.2,132.1,105.09,89.09,146.2,133.1,133.1,QRQSTGSRINSAKDD,3274.0,1
146.1,174.2,131.2,105.09,119.1,75.07,105.09,174.2,131.2,146.2,105.09,89.09,146.2,133.1,133.1,QRLSTGSRIKSAKDD,1182.0,1
146.1,174.2,131.2,181.2,119.1,75.07,105.09,174.2,131.2,132.1,105.09,89.09,146.2,133.1,133.1,QRLYTGSRINSAKDD,1722.0,1
146.1,174.2,131.2,105.09,119.1,75.07,105.09,174.2,181.2,132.1,105.09,89.09,146.2,133.1,133.1,QRLSTGSRYNSAKDD,1280.0,1
174.2,174.2,131.2,105.09,119.1,75.07,105.09,174.2,131.2,132.1,105.09,89.09,146.2,133.1,133.1,RRLSTGSRINSAKDD,1364.0,1
146.1,174.2,131.2,131.2,119.1,75.07,105.09,174.2,131.2,132.1,105.09,89.09,146.2,133.1,133.1,QRLLTGSRINSAKDD,1236.0,1
146.1,174.2,131.2,105.09,155.2,75.07,105.09,174.2,131.2,132.1,105.09,89.09,146.2,133.1,133.1,QRLSHGSRINSAKDD,2032.0,1
146.1,174.2,131.2,105.09,119.1,75.07,105.09,174.2,131.2,132.1,105.09,89.09,146.2,133.1,132.1,QRLSTGSRINSAKDN,470.0,0
146.1,174.2,131.2,105.09,119.1,75.07,105.09,174.2,131.2,132.1,105.09,89.09,146.2,149.2,133.1,QRLSTGSRINSAKMD,630.0,0
146.1,174.2,131.2,105.09,75.07,75.07,105.09,174.2,131.2,132.1,105.09,89.09,146.2,133.1,133.1,QRLSGGSRINSAKDD,1408.0,1
146.1,174.2,131.2,105.09,119.1,75.07,105.09,131.2,131.2,132.1,105.09,89.09,146.2,133.1,133.1,QRLSTGSIINSAKDD,1686.0,1
146.1,174.2,121.2,105.09,119.1,75.07,105.09,174.2,131.2,132.1,105.09,89.09,146.2,133.1,133.1,QRCSTGSRINSAKDD,2662.0,1
146.1,131.2,131.2,105.09,119.1,75.07,105.09,174.2,131.2,132.1,105.09,89.09,146.2,133.1,133.1,QILSTGSRINSAKDD,1094.0,1
146.1,121.2,131.2,105.09,119.1,75.07,105.09,174.2,131.2,132.1,105.09,89.09,146.2,133.1,133.1,QCLSTGSRINSAKDD,1726.0,1
146.1,174.2,131.2,105.09,119.1,75.07,105.09,174.2,131.2,132.1,105.09,89.09,146.2,146.2,133.1,QRLSTGSRINSAKKD,28.0,0
147.1,174.2,131.2,105.09,119.1,75.07,105.09,174.2,131.2,132.1,105.09,89.09,146.2,133.1,133.1,ERLSTGSRINSAKDD,2198.0,1
146.1,174.2,131.2,105.09,119.1,75.07,105.09,174.2,131.2,132.1,165.2,89.09,146.2,133.1,133.1,QRLSTGSRINFAKDD,2724.0,1
146.1,174.2,131.2,105.09,119.1,75.07,105.09,174.2,131.2,133.1,105.09,89.09,146.2,133.1,133.1,QRLSTGSRIDSAKDD,2810.0,1
146.1,174.2,131.2,105.09,119.1,75.07,105.09,174.2,204.2,132.1,105.09,89.09,146.2,133.1,133.1,QRLSTGSRWNSAKDD,1266.0,1
146.1,174.2,131.2,105.09,119.1,75.07,105.09,174.2,131.2,89.09,105.09,89.09,146.2,133.1,133.1,QRLSTGSRIASAKDD,2078.0,1
146.1,174.2,131.2,105.09,119.1,75.07,204.2,174.2,131.2,132.1,105.09,89.09,146.2,133.1,133.1,QRLSTGWRINSAKDD,1696.0,1
146.1,174.2,131.2,105.09,119.1,181.2,105.09,174.2,131.2,132.1,105.09,89.09,146.2,133.1,133.1,QRLSTYSRINSAKDD,1304.0,1
146.1,174.2,131.2,105.09,119.1,75.07,105.09,174.2,131.2,132.1,105.09,89.09,146.2,133.1,146.1,QRLSTGSRINSAKDQ,634.0,0
146.1,174.2,131.2,105.09,119.1,75.07,105.09,174.2,131.2,132.1,105.09,117.1,146.2,133.1,133.1,QRLSTGSRINSVKDD,1012.0,1
146.1,174.2,131.2,105.09,119.1,75.07,105.09,174.2,131.2,132.1,105.09,89.09,146.2,133.1,133.1,QRLSTGSRLNSAKDD,1182.0,1
146.1,174.2,131.2,105.09,119.1,75.07,105.09,149.2,131.2,132.1,105.09,89.09,146.2,133.1,133.1,QRLSTGSMINSAKDD,1762.0,1
146.1,174.2,133.1,105.09,119.1,75.07,105.09,174.2,131.2,132.1,105.09,89.09,146.2,133.1,133.1,QRDSTGSRINSAKDD,2470.0,1
146.1,174.2,131.2,105.09,119.1,75.07,105.09,146.2,131.2,132.1,105.09,89.09,146.2,133.1,133.1,QRLSTGSKINSAKDD,1004.0,1
146.1,174.2,131.2,105.09,119.1,75.07,105.09,174.2,149.2,132.1,105.09,89.09,146.2,133.1,133.1,QRLSTGSRMNSAKDD,1104.0,1
146.1,174.2,131.2,105.09,119.1,75.07,105.09,174.2,131.2,132.1,105.09,89.09,146.2,133.1,133.1,QRISTGSRINSAKDD,1214.0,1
146.1,174.2,131.2,105.09,119.1,75.07,105.09,174.2,131.2,132.1,105.09,174.2,146.2,133.1,133.1,QRLSTGSRINSRKDD,1956.0,1
146.1,146.1,131.2,105.09,119.1,75.07,105.09,174.2,131.2,132.1,105.09,89.09,146.2,133.1,133.1,QQLSTGSRINSAKDD,1210.0,1
146.1,174.2,131.2,105.09,119.1,75.07,105.09,174.2,131.2,132.1,105.09,89.09,146.2,133.1,133.1,QRLSTGSRINSAKDD,1234.0,1
146.1,174.2,131.2,105.09,119.1,75.07,105.09,174.2,131.2,147.1,105.09,89.09,146.2,133.1,133.1,QRLSTGSRIESAKDD,2208.0,1
146.1,174.2,131.2,105.09,119.1,75.07,105.09,174.2,155.2,132.1,105.09,89.09,146.2,133.1,133.1,QRLSTGSRHNSAKDD,1276.0,1
146.1,174.2,131.2,105.09,119.1,75.07,105.09,174.2,131.2,132.1,105.09,89.09,146.2,133.1,133.1,QRLSTGSRINSAKDD,1830.0,1
146.1,174.2,131.2,105.09,119.1,75.07,105.09,89.09,131.2,132.1,105.09,89.09,146.2,133.1,133.1,QRLSTGSAINSAKDD,1348.0,1
146.1,174.2,131.2,105.09,119.1,75.07,105.09,174.2,131.2,204.2,105.09,89.09,146.2,133.1,133.1,QRLSTGSRIWSAKDD,1234.0,1
146.1,174.2,131.2,105.09,119.1,146.2,105.09,174.2,131.2,132.1,105.09,89.09,146.2,133.1,133.1,QRLSTKSRINSAKDD,740.0,0
146.1,174.2,131.2,75.07,119.1,75.07,105.09,174.2,131.2,132.1,105.09,89.09,146.2,133.1,133.1,QRLGTGSRINSAKDD,1422.0,1
146.1,174.2,131.2,105.09,119.1,75.07,105.09,131.2,131.2,132.1,105.09,89.09,146.2,133.1,133.1,QRLSTGSLINSAKDD,2318.0,1
146.1,174.2,131.2,105.09,181.2,75.07,105.09,174.2,131.2,132.1,105.09,89.09,146.2,133.1,133.1,QRLSYGSRINSAKDD,1604.0,1
146.1,174.2,131.2,105.09,119.1,75.07,105.09,174.2,131.2,132.1,105.09,89.09,146.2,133.1,165.2,QRLSTGSRINSAKDF,482.0,0
146.1,174.2,131.2,105.09,119.1,75.07,75.07,174.2,131.2,132.1,105.09,89.09,146.2,133.1,133.1,QRLSTGGRINSAKDD,1792.0,1
146.1,174.2,131.2,105.09,89.09,75.07,105.09,174.2,131.2,132.1,105.09,89.09,146.2,133.1,133.1,QRLSAGSRINSAKDD,2104.0,1
146.1,174.2,131.2,105.09,119.1,75.07,105.09,174.2,131.2,132.1,105.09,89.09,146.2,133.1,146.2,QRLSTGSRINSAKDK,118.0,0
146.1,174.2,131.2,105.09,119.1,75.07,105.09,174.2,131.2,132.1,105.09,89.09,115.1,133.1,133.1,QRLSTGSRINSAPDD,3938.0,1
133.1,174.2,131.2,105.09,119.1,75.07,105.09,174.2,131.2,132.1,105.09,89.09,146.2,133.1,133.1,DRLSTGSRINSAKDD,2442.0,1
146.1,174.2,131.2,105.09,119.1,75.07,105.09,117.1,131.2,132.1,105.09,89.09,146.2,133.1,133.1,QRLSTGSVINSAKDD,1252.0,1
119.1,174.2,131.2,105.09,119.1,75.07,105.09,174.2,131.2,132.1,105.09,89.09,146.2,133.1,133.1,TRLSTGSRINSAKDD,1142.0,1
146.1,174.2,131.2,105.09,119.1,75.07,105.09,174.2,131.2,132.1,105.09,149.2,146.2,133.1,133.1,QRLSTGSRINSMKDD,1162.0,1
146.1,174.2,131.2,105.09,119.1,75.07,105.09,174.2,131.2,132.1,105.09,89.09,146.2,133.1,121.2,QRLSTGSRINSAKDC,1032.0,1
146.1,174.2,131.2,105.09,119.1,75.07,149.2,174.2,131.2,132.1,105.09,89.09,146.2,133.1,133.1,QRLSTGMRINSAKDD,1230.0,1
146.1,174.2,131.2,105.09,119.1,75.07,105.09,174.2,131.2,132.1,105.09,89.09,146.2,165.2,133.1,QRLSTGSRINSAKFD,476.0,0
146.1,174.2,131.2,105.09,119.1,147.1,105.09,174.2,131.2,132.1,105.09,89.09,146.2,133.1,133.1,QRLSTESRINSAKDD,1868.0,1
146.1,117.1,131.2,105.09,119.1,75.07,105.09,174.2,131.2,132.1,105.09,89.09,146.2,133.1,133.1,QVLSTGSRINSAKDD,1206.0,1
146.1,174.2,131.2,105.09,119.1,75.07,105.09,174.2,155.2,132.1,105.09,89.09,146.2,133.1,133.1,QRLSTGSRHNSAKDD,778.0,0
146.1,174.2,131.2,105.09,119.1,75.07,105.09,174.2,89.09,132.1,105.09,89.09,146.2,133.1,133.1,QRLSTGSRANSAKDD,1320.0,1
146.1,174.2,131.2,105.09,119.1,75.07,105.09,174.2,131.2,204.2,105.09,89.09,146.2,133.1,133.1,QRLSTGSRIWSAKDD,1436.0,1
146.1,174.2,131.2,105.09,155.2,75.07,105.09,174.2,131.2,132.1,105.09,89.09,146.2,133.1,133.1,QRLSHGSRINSAKDD,786.0,0
146.1,174.2,131.2,105.09,119.1,75.07,105.09,174.2,131.2,132.1,105.09,89.09,146.2,133.1,133.1,QRLSTGSRINSAKDD,1200.0,1
119.1,174.2,131.2,105.09,119.1,75.07,105.09,174.2,131.2,132.1,105.09,89.09,146.2,133.1,133.1,TRLSTGSRINSAKDD,1392.0,1
146.1,174.2,131.2,105.09,119.1,75.07,105.09,119.1,131.2,132.1,105.09,89.09,146.2,133.1,133.1,QRLSTGSTINSAKDD,1186.0,1
146.1,174.2,149.2,105.09,119.1,75.07,105.09,174.2,131.2,132.1,105.09,89.09,146.2,133.1,133.1,QRMSTGSRINSAKDD,1790.0,1
146.1,174.2,131.2,105.09,119.1,75.07,105.09,174.2,146.1,132.1,105.09,89.09,146.2,133.1,133.1,QRLSTGSRQNSAKDD,1136.0,1
146.1,105.09,131.2,105.09,119.1,75.07,105.09,174.2,131.2,132.1,105.09,89.09,146.2,133.1,133.1,QSLSTGSRINSAKDD,1082.0,1
146.1,174.2,131.2,105.09,119.1,133.1,105.09,174.2,131.2,132.1,105.09,89.09,146.2,133.1,133.1,QRLSTDSRINSAKDD,1642.0,1
149.2,174.2,131.2,105.09,119.1,75.07,105.09,174.2,131.2,132.1,105.09,89.09,146.2,133.1,133.1,MRLSTGSRINSAKDD,1562.0,1
146.1,115.1,131.2,105.09,119.1,75.07,105.09,174.2,131.2,132.1,105.09,89.09,146.2,133.1,133.1,QPLSTGSRINSAKDD,1234.0,1
131.2,174.2,131.2,105.09,119.1,75.07,105.09,174.2,131.2,132.1,105.09,89.09,146.2,133.1,133.1,IRLSTGSRINSAKDD,1386.0,1
146.1,174.2,131.2,105.09,119.1,155.2,105.09,174.2,131.2,132.1,105.09,89.09,146.2,133.1,133.1,QRLSTHSRINSAKDD,1400.0,1
146.1,174.2,149.2,105.09,119.1,75.07,105.09,174.2,131.2,132.1,105.09,89.09,146.2,133.1,133.1,QRMSTGSRINSAKDD,1168.0,1
146.1,174.2,131.2,105.09,119.1,165.2,105.09,174.2,131.2,132.1,105.09,89.09,146.2,133.1,133.1,QRLSTFSRINSAKDD,1684.0,1
146.1,174.2,131.2,105.09,119.1,75.07,105.09,174.2,75.07,132.1,105.09,89.09,146.2,133.1,133.1,QRLSTGSRGNSAKDD,1808.0,1
117.1,174.2,131.2,105.09,119.1,75.07,105.09,174.2,131.2,132.1,105.09,89.09,146.2,133.1,133.1,VRLSTGSRINSAKDD,1142.0,1
146.1,174.2,131.2,105.09,119.1,75.07,105.09,147.1,131.2,132.1,105.09,89.09,146.2,133.1,133.1,QRLSTGSEINSAKDD,1508.0,1
146.1,174.2,131.2,105.09,119.1,75.07,105.09,174.2,131.2,132.1,105.09,89.09,146.2,133.1,204.2,QRLSTGSRINSAKDW,444.0,0
146.1,174.2,131.2,105.09,119.1,75.07,105.09,174.2,131.2,132.1,105.09,89.09,146.2,133.1,133.1,QRLSTGSRINSAKDD,1374.0,1
146.1,174.2,131.2,105.09,119.1,75.07,121.2,174.2,131.2,132.1,105.09,89.09,146.2,133.1,133.1,QRLSTGCRINSAKDD,1568.0,1
146.1,174.2,131.2,105.09,119.1,75.07,105.09,174.2,132.1,132.1,105.09,89.09,146.2,133.1,133.1,QRLSTGSRNNSAKDD,942.0,0
146.1,75.07,131.2,105.09,119.1,75.07,105.09,174.2,131.2,132.1,105.09,89.09,146.2,133.1,133.1,QGLSTGSRINSAKDD,1436.0,1
146.1,174.2,131.2,119.1,119.1,75.07,105.09,174.2,131.2,132.1,105.09,89.09,146.2,133.1,133.1,QRLTTGSRINSAKDD,1356.0,1
146.1,132.1,131.2,105.09,119.1,75.07,105.09,174.2,131.2,132.1,105.09,89.09,146.2,133.1,133.1,QNLSTGSRINSAKDD,1090.0,1
146.1,174.2,131.2,105.09,119.1,132.1,105.09,174.2,131.2,132.1,105.09,89.09,146.2,133.1,133.1,QRLSTNSRINSAKDD,3188.0,1
146.1,174.2,131.2,89.09,119.1,75.07,105.09,174.2,131.2,132.1,105.09,89.09,146.2,133.1,133.1,QRLATGSRINSAKDD,2234.0,1
146.1,174.2,131.2,204.2,119.1,75.07,105.09,174.2,131.2,132.1,105.09,89.09,146.2,133.1,133.1,QRLWTGSRINSAKDD,1400.0,1
146.1,174.2,131.2,105.09,131.2,75.07,105.09,174.2,131.2,132.1,105.09,89.09,146.2,133.1,133.1,QRLSIGSRINSAKDD,1692.0,1
146.1,174.2,131.2,105.09,119.1,75.07,105.09,174.2,131.2,132.1,105.09,75.07,146.2,133.1,133.1,QRLSTGSRINSGKDD,1506.0,1
146.1,174.2,131.2,105.09,119.1,75.07,105.09,174.2,131.2,132.1,105.09,89.09,119.1,133.1,133.1,QRLSTGSRINSATDD,2954.0,1
146.1,174.2,131.2,105.09,119.1,75.07,105.09,174.2,131.2,132.1,105.09,165.2,146.2,133.1,133.1,QRLSTGSRINSFKDD,1616.0,1
146.1,174.2,131.2,105.09,119.1,75.07,132.1,174.2,131.2,132.1,105.09,89.09,146.2,133.1,133.1,QRLSTGNRINSAKDD,1138.0,1
146.1,149.2,131.2,105.09,119.1,75.07,105.09,174.2,131.2,132.1,105.09,89.09,146.2,133.1,133.1,QMLSTGSRINSAKDD,1200.0,1
146.1,174.2,131.2,105.09,119.1,75.07,105.09,174.2,131.2,132.1,105.09,89.09,146.2,133.1,115.1,QRLSTGSRINSAKDP,368.0,0
146.1,174.2,131.2,105.09,119.1,75.07,105.09,174.2,131.2,132.1,105.09,132.1,146.2,133.1,133.1,QRLSTGSRINSNKDD,1268.0,1
146.1,174.2,131.2,105.09,119.1,75.07,105.09,174.2,131.2,132.1,105.09,131.2,146.2,133.1,133.1,QRLSTGSRINSLKDD,1298.0,1
146.1,174.2,131.2,105.09,119.1,75.07,155.2,174.2,131.2,132.1,105.09,89.09,146.2,133.1,133.1,QRLSTGHRINSAKDD,1698.0,1
146.1,174.2,131.2,105.09,119.1,75.07,105.09,174.2,131.2,131.2,105.09,89.09,146.2,133.1,133.1,QRLSTGSRIISAKDD,2140.0,1
146.1,174.2,131.2,105.09,119.1,75.07,105.09,174.2,131.2,132.1,105.09,89.09,146.2,133.1,133.1,QRISTGSRINSAKDD,1528.0,1
146.1,174.2,131.2,105.09,119.1,75.07,105.09,174.2,131.2,132.1,119.1,89.09,146.2,133.1,133.1,QRLSTGSRINTAKDD,1050.0,1
146.1,181.2,131.2,105.09,119.1,75.07,105.09,174.2,131.2,132.1,105.09,89.09,146.2,133.1,133.1,QYLSTGSRINSAKDD,1348.0,1
146.1,174.2,131.2,105.09,119.1,75.07,105.09,174.2,131.2,132.1,105.09,155.2,146.2,133.1,133.1,QRLSTGSRINSHKDD,1346.0,1
146.1,174.2,131.2,105.09,119.1,131.2,105.09,174.2,131.2,132.1,105.09,89.09,146.2,133.1,133.1,QRLSTLSRINSAKDD,1844.0,1
117.1,174.2,131.2,105.09,119.1,75.07,105.09,174.2,131.2,132.1,105.09,89.09,146.2,133.1,133.1,VRLSTGSRINSAKDD,1368.0,1
146.1,174.2,131.2,105.09,119.1,75.07,105.09,174.2,131.2,132.1,105.09,89.09,146.2,204.2,133.1,QRLSTGSRINSAKWD,676.0,0
146.1,174.2,131.2,105.09,119.1,75.07,105.09,204.2,131.2,132.1,105.09,89.09,146.2,133.1,133.1,QRLSTGSWINSAKDD,1276.0,1
146.1,174.2,131.2,149.2,119.1,75.07,105.09,174.2,131.2,132.1,105.09,89.09,146.2,133.1,133.1,QRLMTGSRINSAKDD,1210.0,1
146.1,174.2,131.2,105.09,119.1,75.07,105.09,174.2,131.2,132.1,105.09,89.09,146.2,89.09,133.1,QRLSTGSRINSAKAD,726.0,0
146.1,174.2,131.2,105.09,119.1,75.07,105.09,174.2,131.2,132.1,105.09,89.09,146.2,133.1,133.1,QRLSTGSRINSAKDD,1452.0,1
146.1,174.2,131.2,105.09,119.1,75.07,105.09,174.2,131.2,132.1,105.09,89.09,146.2,181.2,133.1,QRLSTGSRINSAKYD,558.0,0
146.1,174.2,131.2,105.09,119.1,121.2,105.09,174.2,131.2,132.1,105.09,89.09,146.2,133.1,133.1,QRLSTCSRINSAKDD,1416.0,1
146.1,174.2,131.2,105.09,119.1,75.07,105.09,174.2,174.2,132.1,105.09,89.09,146.2,133.1,133.1,QRLSTGSRRNSAKDD,1376.0,1
146.1,174.2,131.2,105.09,119.1,75.07,105.09,174.2,131.2,132.1,105.09,89.09,146.2,133.1,133.1,QRLSTGSRINSAKDD,1042.0,1
146.1,89.09,131.2,105.09,119.1,75.07,105.09,174.2,131.2,132.1,105.09,89.09,146.2,133.1,133.1,QALSTGSRINSAKDD,2002.0,1
146.1,174.2,131.2,105.09,119.1,75.07,105.09,174.2,131.2,132.1,105.09,89.09,115.1,133.1,133.1,QRLSTGSRINSAPDD,3266.0,1
146.1,174.2,131.2,105.09,119.1,75.07,105.09,117.1,131.2,132.1,105.09,89.09,146.2,133.1,133.1,QRLSTGSVINSAKDD,1098.0,1
146.1,174.2,131.2,105.09,119.1,75.07,204.2,174.2,131.2,132.1,105.09,89.09,146.2,133.1,133.1,QRLSTGWRINSAKDD,1856.0,1
146.1,174.2,131.2,105.09,119.1,75.07,105.09,174.2,131.2,132.1,105.09,89.09,146.2,133.1,133.1,QRLSTGSRINSAKDD,1540.0,1
146.1,174.2,131.2,105.09,119.1,75.07,117.1,174.2,131.2,132.1,105.09,89.09,146.2,133.1,133.1,QRLSTGVRINSAKDD,1148.0,1
146.1,174.2,131.2,105.09,119.1,75.07,105.09,174.2,131.2,132.1,105.09,89.09,146.2,165.2,133.1,QRLSTGSRINSAKFD,610.0,0
146.1,174.2,131.2,105.09,119.1,75.07,105.09,174.2,131.2,132.1,105.09,131.2,146.2,133.1,133.1,QRLSTGSRINSIKDD,1102.0,1
146.1,174.2,131.2,105.09,119.1,75.07,89.09,174.2,131.2,132.1,105.09,89.09,146.2,133.1,133.1,QRLSTGARINSAKDD,2274.0,1
146.1,174.2,131.2,105.09,119.1,75.07,105.09,133.1,131.2,132.1,105.09,89.09,146.2,133.1,133.1,QRLSTGSDINSAKDD,2368.0,1
204.2,174.2,131.2,105.09,119.1,75.07,105.09,174.2,131.2,132.1,105.09,89.09,146.2,133.1,133.1,WRLSTGSRINSAKDD,1438.0,1
146.1,174.2,131.2,105.09,119.1,75.07,105.09,174.2,147.1,132.1,105.09,89.09,146.2,133.1,133.1,QRLSTGSRENSAKDD,2352.0,1
146.1,131.2,131.2,105.09,119.1,75.07,105.09,174.2,131.2,132.1,105.09,89.09,146.2,133.1,133.1,QILSTGSRINSAKDD,1396.0,1
146.1,174.2,131.2,105.09,119.1,75.07,105.09,174.2,131.2,132.1,105.09,89.09,146.2,131.2,133.1,QRLSTGSRINSAKLD,318.0,0
146.1,174.2,131.2,105.09,119.1,75.07,105.09,174.2,131.2,132.1,105.09,181.2,146.2,133.1,133.1,QRLSTGSRINSYKDD,1676.0,1
146.1,174.2,131.2,121.2,119.1,75.07,105.09,174.2,131.2,132.1,105.09,89.09,146.2,133.1,133.1,QRLCTGSRINSAKDD,1488.0,1
121.2,174.2,131.2,105.09,119.1,75.07,105.09,174.2,131.2,132.1,105.09,89.09,146.2,133.1,133.1,CRLSTGSRINSAKDD,1608.0,1
146.1,174.2,131.2,105.09,132.1,75.07,105.09,174.2,131.2,132.1,105.09,89.09,146.2,133.1,133.1,QRLSNGSRINSAKDD,1610.0,1
146.1,174.2,131.2,146.1,119.1,75.07,105.09,174.2,131.2,132.1,105.09,89.09,146.2,133.1,133.1,QRLQTGSRINSAKDD,2994.0,1
146.1,174.2,131.2,105.09,119.1,146.1,105.09,174.2,131.2,132.1,105.09,89.09,146.2,133.1,133.1,QRLSTQSRINSAKDD,1040.0,1
146.1,174.2,131.2,105.09,119.1,75.07,105.09,174.2,131.2,132.1,105.09,89.09,146.2,131.2,133.1,QRLSTGSRINSAKLD,938.0,0
146.1,174.2,131.2,105.09,119.1,75.07,105.09,174.2,131.2,132.1,105.09,105.09,146.2,133.1,133.1,QRLSTGSRINSSKDD,1424.0,1
146.1,174.2,131.2,105.09,117.1,75.07,105.09,174.2,131.2,132.1,105.09,89.09,146.2,133.1,133.1,QRLSVGSRINSAKDD,1222.0,1
146.1,174.2,133.1,105.09,119.1,75.07,105.09,174.2,131.2,132.1,105.09,89.09,146.2,133.1,133.1,QRDSTGSRINSAKDD,2074.0,1
146.1,174.2,131.2,105.09,119.1,75.07,105.09,174.2,131.2,132.1,119.1,89.09,146.2,133.1,133.1,QRLSTGSRINTAKDD,1336.0,1
146.1,174.2,131.2,105.09,119.1,75.07,155.2,174.2,131.2,132.1,105.09,89.09,146.2,133.1,133.1,QRLSTGHRINSAKDD,884.0,0
146.1,146.2,131.2,105.09,119.1,75.07,105.09,174.2,131.2,132.1,105.09,89.09,146.2,133.1,133.1,QKLSTGSRINSAKDD,1146.0,1
146.1,174.2,131.2,105.09,119.1,75.07,105.09,174.2,131.2,121.2,105.09,89.09,146.2,133.1,133.1,QRLSTGSRICSAKDD,2108.0,1
146.1,174.2,131.2,105.09,119.1,75.07,105.09,174.2,181.2,132.1,105.09,89.09,146.2,133.1,133.1,QRLSTGSRYNSAKDD,1808.0,1
146.1,174.2,131.2,105.09,119.1,75.07,105.09,174.2,131.2,132.1,105.09,89.09,146.2,133.1,131.2,QRLSTGSRINSAKDI,366.0,0
146.1,174.2,131.2,105.09,115.1,75.07,105.09,174.2,131.2,132.1,105.09,89.09,146.2,133.1,133.1,QRLSPGSRINSAKDD,3090.0,1
146.1,174.2,131.2,132.1,119.1,75.07,105.09,174.2,131.2,132.1,105.09,89.09,146.2,133.1,133.1,QRLNTGSRINSAKDD,1952.0,1
146.1,174.2,131.2,105.09,75.07,75.07,105.09,174.2,131.2,132.1,105.09,89.09,146.2,133.1,133.1,QRLSGGSRINSAKDD,1922.0,1
146.1,174.2,131.2,105.09,119.1,75.07,105.09,174.2,131.2,132.1,105.09,89.09,146.2,133.1,174.2,QRLSTGSRINSAKDR,342.0,0
146.1,174.2,131.2,105.09,119.1,75.07,174.2,174.2,131.2,132.1,105.09,89.09,146.2,133.1,133.1,QRLSTGRRINSAKDD,1602.0,1
146.1,174.2,131.2,105.09,119.1,75.07,75.07,174.2,131.2,132.1,105.09,89.09,146.2,133.1,133.1,QRLSTGGRINSAKDD,1310.0,1
146.2,174.2,131.2,105.09,119.1,75.07,105.09,174.2,131.2,132.1,105.09,89.09,146.2,133.1,133.1,KRLSTGSRINSAKDD,1538.0,1
146.1,174.2,131.2,105.09,119.1,75.07,105.09,174.2,131.2,132.1,105.09,89.09,146.2,133.1,133.1,QRLSTGSRINSAKDD,1958.0,1
146.1,174.2,131.2,105.09,119.1,75.07,105.09,174.2,131.2,132.1,105.09,146.1,146.2,133.1,133.1,QRLSTGSRINSQKDD,1290.0,1
146.1,174.2,131.2,105.09,119.1,75.07,105.09,174.2,131.2,132.1,105.09,89.09,146.2,133.1,121.2,QRLSTGSRINSAKDC,620.0,0
146.1,174.2,131.2,105.09,119.1,75.07,105.09,174.2,131.2,132.1,75.07,89.09,146.2,133.1,133.1,QRLSTGSRINGAKDD,1782.0,1
146.1,174.2,147.1,105.09,119.1,75.07,105.09,174.2,131.2,132.1,105.09,89.09,146.2,133.1,133.1,QRESTGSRINSAKDD,2618.0,1
146.1,165.2,131.2,105.09,119.1,75.07,105.09,174.2,131.2,132.1,105.09,89.09,146.2,133.1,133.1,QFLSTGSRINSAKDD,1792.0,1
146.1,174.2,131.2,105.09,119.1,75.07,105.09,174.2,131.2,132.1,89.09,89.09,146.2,133.1,133.1,QRLSTGSRINAAKDD,1790.0,1
146.1,174.2,131.2,105.09,119.1,75.07,105.09,174.2,131.2,132.1,105.09,89.09,146.2,75.07,133.1,QRLSTGSRINSAKGD,338.0,0
146.1,174.2,131.2,105.09,119.1,75.07,105.09,174.2,119.1,132.1,105.09,89.09,146.2,133.1,133.1,QRLSTGSRTNSAKDD,1128.0,1
146.1,174.2,131.2,105.09,119.1,75.07,105.09,174.2,131.2,132.1,105.09,89.09,204.2,133.1,133.1,QRLSTGSRINSAWDD,4326.0,1
146.1,174.2,131.2,105.09,119.1,75.07,105.09,174.2,131.2,132.1,105.09,89.09,146.1,133.1,133.1,QRLSTGSRINSAQDD,3024.0,1
89.09,174.2,131.2,105.09,119.1,75.07,105.09,174.2,131.2,132.1,105.09,89.09,146.2,133.1,133.1,ARLSTGSRINSAKDD,1770.0,1
146.1,174.2,181.2,105.09,119.1,75.07,105.09,174.2,131.2,132.1,105.09,89.09,146.2,133.1,133.1,QRYSTGSRINSAKDD,1494.0,1
146.1,174.2,131.2,105.09,119.1,75.07,105.09,174.2,131.2,132.1,105.09,89.09,133.1,133.1,133.1,QRLSTGSRINSADDD,6266.0,1
174.2,174.2,131.2,105.09,119.1,75.07,105.09,174.2,131.2,132.1,105.09,89.09,146.2,133.1,133.1,RRLSTGSRINSAKDD,1646.0,1
146.1,133.1,131.2,105.09,119.1,75.07,105.09,174.2,131.2,132.1,105.09,89.09,146.2,133.1,133.1,QDLSTGSRINSAKDD,1630.0,1
146.1,174.2,131.2,105.09,119.1,75.07,105.09,174.2,121.2,132.1,105.09,89.09,146.2,133.1,133.1,QRLSTGSRCNSAKDD,1418.0,1
146.1,174.2,131.2,105.09,119.1,75.07,105.09,174.2,131.2,132.1,105.09,89.09,146.2,75.07,133.1,QRLSTGSRINSAKGD,532.0,0
146.1,174.2,165.2,105.09,119.1,75.07,105.09,174.2,131.2,132.1,105.09,89.09,146.2,133.1,133.1,QRFSTGSRINSAKDD,1760.0,1
146.1,174.2,131.2,105.09,119.1,75.07,105.09,174.2,131.2,132.1,105.09,89.09,146.2,132.1,133.1,QRLSTGSRINSAKND,444.0,0
133.1,174.2,131.2,105.09,119.1,75.07,105.09,174.2,131.2,132.1,105.09,89.09,146.2,133.1,133.1,DRLSTGSRINSAKDD,1874.0,1
146.1,174.2,131.2,105.09,119.1,75.07,105.09,174.2,131.2,132.1,105.09,89.09,146.2,133.1,105.09,QRLSTGSRINSAKDS,300.0,0
146.1,174.2,131.2,105.09,119.1,89.09,105.09,174.2,131.2,132.1,105.09,89.09,146.2,133.1,133.1,QRLSTASRINSAKDD,1470.0,1
146.1,174.2,131.2,105.09,119.1,75.07,105.09,105.09,131.2,132.1,105.09,89.09,146.2,133.1,133.1,QRLSTGSSINSAKDD,1154.0,1
146.1,174.2,131.2,115.1,119.1,75.07,105.09,174.2,131.2,132.1,105.09,89.09,146.2,133.1,133.1,QRLPTGSRINSAKDD,3330.0,1
146.1,174.2,131.2,105.09,119.1,75.07,105.09,174.2,131.2,132.1,155.2,89.09,146.2,133.1,133.1,QRLSTGSRINHAKDD,1470.0,1
146.1,174.2,131.2,105.09,119.1,75.07,105.09,174.2,131.2,132.1,105.09,89.09,105.09,133.1,133.1,QRLSTGSRINSASDD,3358.0,1
146.1,174.2,131.2,105.09,119.1,75.07,105.09,174.2,165.2,132.1,105.09,89.09,146.2,133.1,133.1,QRLSTGSRFNSAKDD,1618.0,1
146.1,174.2,131.2,105.09,119.1,121.2,105.09,174.2,131.2,132.1,105.09,89.09,146.2,133.1,133.1,QRLSTCSRINSAKDD,2570.0,1
146.1,165.2,131.2,105.09,119.1,75.07,105.09,174.2,131.2,132.1,105.09,89.09,146.2,133.1,133.1,QFLSTGSRINSAKDD,1650.0,1
146.1,174.2,131.2,105.09,119.1,75.07,105.09,174.2,131.2,132.1,105.09,89.09,204.2,133.1,133.1,QRLSTGSRINSAWDD,4548.0,1
146.1,174.2,131.2,105.09,119.1,117.1,105.09,174.2,131.2,132.1,105.09,89.09,146.2,133.1,133.1,QRLSTVSRINSAKDD,1350.0,1
146.1,174.2,131.2,105.09,119.1,75.07,105.09,204.2,131.2,132.1,105.09,89.09,146.2,133.1,133.1,QRLSTGSWINSAKDD,1108.0,1
146.1,174.2,131.2,105.09,119.1,75.07,105.09,174.2,131.2,75.07,105.09,89.09,146.2,133.1,133.1,QRLSTGSRIGSAKDD,1224.0,1
146.1,174.2,131.2,155.2,119.1,75.07,105.09,174.2,131.2,132.1,105.09,89.09,146.2,133.1,133.1,QRLHTGSRINSAKDD,1578.0,1
146.1,174.2,131.2,105.09,119.1,75.07,105.09,174.2,131.2,132.1,105.09,89.09,146.1,133.1,133.1,QRLSTGSRINSAQDD,4614.0,1
146.1,174.2,131.2,105.09,119.1,75.07,105.09,174.2,131.2,132.1,105.09,89.09,146.2,146.2,133.1,QRLSTGSRINSAKKD,252.0,0
146.1,174.2,131.2,105.09,119.1,75.07,105.09,174.2,131.2,133.1,105.09,89.09,146.2,133.1,133.1,QRLSTGSRIDSAKDD,2104.0,1
146.1,174.2,131.2,174.2,119.1,75.07,105.09,174.2,131.2,132.1,105.09,89.09,146.2,133.1,133.1,QRLRTGSRINSAKDD,1178.0,1
146.1,174.2,131.2,105.09,119.1,75.07,105.09,174.2,131.2,132.1,105.09,89.09,146.2,105.09,133.1,QRLSTGSRINSAKSD,360.0,0
146.1,174.2,131.2,105.09,119.1,75.07,105.09,174.2,131.2,132.1,105.09,89.09,146.2,133.1,131.2,QRLSTGSRINSAKDI,522.0,0
149.2,174.2,131.2,105.09,119.1,75.07,105.09,174.2,131.2,132.1,105.09,89.09,146.2,133.1,133.1,MRLSTGSRINSAKDD,1564.0,1
146.1,174.2,131.2,105.09,119.1,75.07,105.09,174.2,149.2,132.1,105.09,89.09,146.2,133.1,133.1,QRLSTGSRMNSAKDD,2666.0,1
146.1,174.2,131.2,105.09,119.1,174.2,105.09,174.2,131.2,132.1,105.09,89.09,146.2,133.1,133.1,QRLSTRSRINSAKDD,1166.0,1
146.1,174.2,131.2,105.09,119.1,75.07,105.09,174.2,131.2,132.1,105.09,89.09,181.2,133.1,133.1,QRLSTGSRINSAYDD,5328.0,1
146.1,174.2,131.2,105.09,119.1,75.07,105.09,174.2,131.2,132.1,105.09,89.09,146.2,133.1,133.1,QRLSTGSRINSAKDD,1288.0,1
146.1,174.2,131.2,105.09,146.1,75.07,105.09,174.2,131.2,132.1,105.09,89.09,146.2,133.1,133.1,QRLSQGSRINSAKDD,1310.0,1
146.1,174.2,131.2,105.09,119.1,75.07,165.2,174.2,131.2,132.1,105.09,89.09,146.2,133.1,133.1,QRLSTGFRINSAKDD,1202.0,1
146.1,174.2,131.2,105.09,119.1,75.07,105.09,174.2,131.2,132.1,121.2,89.09,146.2,133.1,133.1,QRLSTGSRINCAKDD,2770.0,1
146.1,174.2,131.2,105.09,119.1,75.07,105.09,174.2,89.09,132.1,105.09,89.09,146.2,133.1,133.1,QRLSTGSRANSAKDD,1876.0,1
146.1,174.2,131.2,105.09,119.1,75.07,105.09,174.2,131.2,132.1,105.09,89.09,174.2,133.1,133.1,QRLSTGSRINSARDD,3526.0,1
146.1,174.2,131.2,105.09,119.1,75.07,105.09,174.2,131.2,132.1,105.09,117.1,146.2,133.1,133.1,QRLSTGSRINSVKDD,1192.0,1
146.1,174.2,131.2,105.09,119.1,75.07,105.09,75.07,131.2,132.1,105.09,89.09,146.2,133.1,133.1,QRLSTGSGINSAKDD,984.0,0
146.1,174.2,131.2,105.09,119.1,75.07,115.1,174.2,131.2,132.1,105.09,89.09,146.2,133.1,133.1,QRLSTGPRINSAKDD,1238.0,1
146.1,174.2,131.2,105.09,119.1,75.07,105.09,174.2,131.2,132.1,105.09,204.2,146.2,133.1,133.1,QRLSTGSRINSWKDD,1772.0,1
146.1,155.2,131.2,105.09,119.1,75.07,105.09,174.2,131.2,132.1,105.09,89.09,146.2,133.1,133.1,QHLSTGSRINSAKDD,1566.0,1
146.1,174.2,131.2,105.09,119.1,75.07,105.09,174.2,131.2,132.1,105.09,89.09,165.2,133.1,133.1,QRLSTGSRINSAFDD,6000.0,1
146.1,174.2,131.2,105.09,119.1,75.07,105.09,121.2,131.2,132.1,105.09,89.09,146.2,133.1,133.1,QRLSTGSCINSAKDD,2172.0,1
146.1,174.2,131.2,105.09,119.1,75.07,105.09,174.2,131.2,132.1,105.09,165.2,146.2,133.1,133.1,QRLSTGSRINSFKDD,1892.0,1
146.1,174.2,131.2,105.09,119.1,75.07,181.2,174.2,131.2,132.1,105.09,89.09,146.2,133.1,133.1,QRLSTGYRINSAKDD,1826.0,1
146.1,174.2,131.2,105.09,119.1,75.07,105.09,174.2,131.2,132.1,105.09,89.09,149.2,133.1,133.1,QRLSTGSRINSAMDD,5748.0,1
146.1,174.2,131.2,115.1,119.1,75.07,105.09,174.2,131.2,132.1,105.09,89.09,146.2,133.1,133.1,QRLPTGSRINSAKDD,1586.0,1
146.1,174.2,131.2,181.2,119.1,75.07,105.09,174.2,131.2,132.1,105.09,89.09,146.2,133.1,133.1,QRLYTGSRINSAKDD,1562.0,1
146.1,174.2,131.2,105.09,105.09,75.07,105.09,174.2,131.2,132.1,105.09,89.09,146.2,133.1,133.1,QRLSSGSRINSAKDD,1446.0,1
146.1,174.2,131.2,105.09,132.1,75.07,105.09,174.2,131.2,132.1,105.09,89.09,146.2,133.1,133.1,QRLSNGSRINSAKDD,1000.0,0
146.1,174.2,131.2,105.09,119.1,75.07,105.09,174.2,131.2,132.1,105.09,89.09,146.2,133.1,204.2,QRLSTGSRINSAKDW,388.0,0
146.1,174.2,131.2,105.09,119.1,75.07,105.09,174.2,131.2,132.1,105.09,89.09,146.2,133.1,146.1,QRLSTGSRINSAKDQ,314.0,0
146.1,174.2,75.07,105.09,119.1,75.07,105.09,174.2,131.2,132.1,105.09,89.09,146.2,133.1,133.1,QRGSTGSRINSAKDD,1596.0,1
146.1,174.2,131.2,105.09,119.1,146.2,105.09,174.2,131.2,132.1,105.09,89.09,146.2,133.1,133.1,QRLSTKSRINSAKDD,1568.0,1
146.1,174.2,131.2,105.09,119.1,75.07,105.09,174.2,131.2,174.2,105.09,89.09,146.2,133.1,133.1,QRLSTGSRIRSAKDD,1594.0,1
146.1,174.2,131.2,105.09,165.2,75.07,105.09,174.2,131.2,132.1,105.09,89.09,146.2,133.1,133.1,QRLSFGSRINSAKDD,2202.0,1
146.1,174.2,131.2,105.09,115.1,75.07,105.09,174.2,131.2,132.1,105.09,89.09,146.2,133.1,133.1,QRLSPGSRINSAKDD,1232.0,1
146.1,174.2,131.2,105.09,119.1,75.07,105.09,174.2,119.1,132.1,105.09,89.09,146.2,133.1,133.1,QRLSTGSRTNSAKDD,1012.0,1
146.1,174.2,131.2,105.09,119.1,75.07,174.2,174.2,131.2,132.1,105.09,89.09,146.2,133.1,133.1,QRLSTGRRINSAKDD,1280.0,1
146.2,174.2,131.2,105.09,119.1,75.07,105.09,174.2,131.2,132.1,105.09,89.09,146.2,133.1,133.1,KRLSTGSRINSAKDD,1084.0,1
146.1,174.2,131.2,105.09,119.1,75.07,105.09,174.2,131.2,132.1,105.09,149.2,146.2,133.1,133.1,QRLSTGSRINSMKDD,2132.0,1
146.1,174.2,131.2,105.09,119.1,75.07,105.09,174.2,131.2,132.1,105.09,89.09,146.2,133.1,117.1,QRLSTGSRINSAKDV,362.0,0
146.1,174.2,131.2,105.09,119.1,75.07,105.09,174.2,131.2,132.1,204.2,89.09,146.2,133.1,133.1,QRLSTGSRINWAKDD,1498.0,1
146.1,174.2,131.2,105.09,119.1,75.07,105.09,174.2,131.2,132.1,147.1,89.09,146.2,133.1,133.1,QRLSTGSRINEAKDD,2720.0,1
146.1,146.1,131.2,105.09,119.1,75.07,105.09,174.2,131.2,132.1,105.09,89.09,146.2,133.1,133.1,QQLSTGSRINSAKDD,1172.0,1
146.1,174.2,131.2,105.09,119.1,75.07,105.09,146.1,131.2,132.1,105.09,89.09,146.2,133.1,133.1,QRLSTGSQINSAKDD,1032.0,1
146.1,174.2,131.2,105.09,119.1,75.07,105.09,174.2,131.2,181.2,105.09,89.09,146.2,133.1,133.1,QRLSTGSRIYSAKDD,1410.0,1
146.1,174.2,131.2,105.09,119.1,75.07,105.09,75.07,131.2,132.1,105.09,89.09,146.2,133.1,133.1,QRLSTGSGINSAKDD,1596.0,1
146.1,174.2,131.2,105.09,119.1,75.07,105.09,174.2,131.2,132.1,115.1,89.09,146.2,133.1,133.1,QRLSTGSRINPAKDD,1726.0,1
146.1,174.2,131.2,105.09,131.2,75.07,105.09,174.2,131.2,132.1,105.09,89.09,146.2,133.1,133.1,QRLSLGSRINSAKDD,1610.0,1
146.1,174.2,132.1,105.09,119.1,75.07,105.09,174.2,131.2,132.1,105.09,89.09,146.2,133.1,133.1,QRNSTGSRINSAKDD,1814.0,1
146.1,174.2,131.2,105.09,119.1,75.07,105.09,174.2,105.09,132.1,105.09,89.09,146.2,133.1,133.1,QRLSTGSRSNSAKDD,984.0,0
146.1,174.2,131.2,105.09,119.1,75.07,105.09,174.2,131.2,132.1,131.2,89.09,146.2,133.1,133.1,QRLSTGSRINLAKDD,1238.0,1
146.1,174.2,131.2,131.2,119.1,75.07,105.09,174.2,131.2,132.1,105.09,89.09,146.2,133.1,133.1,QRLITGSRINSAKDD,2232.0,1
146.1,174.2,131.2,105.09,119.1,75.07,105.09,174.2,131.2,132.1,165.2,89.09,146.2,133.1,133.1,QRLSTGSRINFAKDD,1712.0,1
146.1,174.2,131.2,105.09,119.1,75.07,105.09,89.09,131.2,132.1,105.09,89.09,146.2,133.1,133.1,QRLSTGSAINSAKDD,1806.0,1
146.1,174.2,131.2,105.09,119.1,75.07,105.09,174.2,131.2,132.1,105.09,119.1,146.2,133.1,133.1,QRLSTGSRINSTKDD,1388.0,1
146.1,174.2,131.2,105.09,119.1,75.07,105.09,174.2,131.2,149.2,105.09,89.09,146.2,133.1,133.1,QRLSTGSRIMSAKDD,2018.0,1
146.1,174.2,131.2,105.09,119.1,75.07,105.09,174.2,131.2,132.1,105.09,89.09,146.2,133.1,155.2,QRLSTGSRINSAKDH,260.0,0
146.1,174.2,131.2,165.2,119.1,75.07,105.09,174.2,131.2,132.1,105.09,89.09,146.2,133.1,133.1,QRLFTGSRINSAKDD,2240.0,1
146.1,174.2,131.2,105.09,119.1,75.07,105.09,174.2,131.2,132.1,105.09,89.09,146.2,149.2,133.1,QRLSTGSRINSAKMD,168.0,0
146.1,174.2,131.2,105.09,119.1,181.2,105.09,174.2,131.2,132.1,105.09,89.09,146.2,133.1,133.1,QRLSTYSRINSAKDD,1786.0,1
146.1,174.2,131.2,105.09,119.1,75.07,117.1,174.2,131.2,132.1,105.09,89.09,146.2,133.1,133.1,QRLSTGVRINSAKDD,1184.0,1
146.1,174.2,131.2,105.09,119.1,75.07,105.09,174.2,131.2,132.1,105.09,89.09,146.2,131.2,133.1,QRLSTGSRINSAKID,282.0,0
146.1,174.2,131.2,105.09,119.1,75.07,105.09,174.2,131.2,132.1,105.09,146.1,146.2,133.1,133.1,QRLSTGSRINSQKDD,1626.0,1
146.1,174.2,131.2,89.09,119.1,75.07,105.09,174.2,131.2,132.1,105.09,89.09,146.2,133.1,133.1,QRLATGSRINSAKDD,1500.0,1
146.1,174.2,131.2,105.09,119.1,75.07,105.09,174.2,131.2,132.1,105.09,204.2,146.2,133.1,133.1,QRLSTGSRINSWKDD,1430.0,1
146.1,174.2,131.2,105.09,119.1,105.09,105.09,174.2,131.2,132.1,105.09,89.09,146.2,133.1,133.1,QRLSTSSRINSAKDD,1422.0,1
146.1,174.2,131.2,105.09,119.1,75.07,105.09,174.2,131.2,132.1,105.09,89.09,146.2,133.1,89.09,QRLSTGSRINSAKDA,478.0,0
146.1,174.2,131.2,105.09,119.1,75.07,105.09,174.2,131.2,132.1,105.09,89.09,174.2,133.1,133.1,QRLSTGSRINSARDD,4610.0,1
146.1,174.2,105.09,105.09,119.1,75.07,105.09,174.2,131.2,132.1,105.09,89.09,146.2,133.1,133.1,QRSSTGSRINSAKDD,1406.0,1
146.1,174.2,131.2,105.09,119.1,75.07,105.09,174.2,131.2,132.1,105.09,89.09,146.2,133.1,133.1,QRLSTGSRINSAKDD,1716.0,1
146.1,174.2,131.2,105.09,119.1,75.07,105.09,174.2,131.2,132.1,105.09,89.09,146.2,131.2,133.1,QRLSTGSRINSAKID,728.0,0
146.1,174.2,131.2,105.09,119.1,75.07,105.09,174.2,131.2,132.1,105.09,89.09,146.2,117.1,133.1,QRLSTGSRINSAKVD,390.0,0
146.1,174.2,131.2,105.09,119.1,75.07,105.09,174.2,147.1,132.1,105.09,89.09,146.2,133.1,133.1,QRLSTGSRENSAKDD,1794.0,1
146.1,174.2,131.2,105.09,146.1,75.07,105.09,174.2,131.2,132.1,105.09,89.09,146.2,133.1,133.1,QRLSQGSRINSAKDD,1550.0,1
131.2,174.2,131.2,105.09,119.1,75.07,105.09,174.2,131.2,132.1,105.09,89.09,146.2,133.1,133.1,IRLSTGSRINSAKDD,2026.0,1
146.1,174.2,131.2,105.09,119.1,75.07,131.2,174.2,131.2,132.1,105.09,89.09,146.2,133.1,133.1,QRLSTGIRINSAKDD,2062.0,1
146.1,174.2,131.2,105.09,119.1,75.07,105.09,174.2,131.2,132.1,105.09,89.09,146.2,133.1,133.1,QRLSTGSRINSAKDD,1240.0,1
146.1,147.1,131.2,105.09,119.1,75.07,105.09,174.2,131.2,132.1,105.09,89.09,146.2,133.1,133.1,QELSTGSRINSAKDD,1570.0,1
146.1,174.2,131.2,105.09,119.1,75.07,105.09,174.2,131.2,132.1,105.09,89.09,117.1,133.1,133.1,QRLSTGSRINSAVDD,3032.0,1
146.1,174.2,131.2,105.09,119.1,146.1,105.09,174.2,131.2,132.1,105.09,89.09,146.2,133.1,133.1,QRLSTQSRINSAKDD,1602.0,1
146.1,174.2,131.2,105.09,119.1,75.07,105.09,174.2,131.2,132.1,75.07,89.09,146.2,133.1,133.1,QRLSTGSRINGAKDD,1372.0,1
146.1,174.2,131.2,105.09,119.1,75.07,105.09,174.2,131.2,132.1,105.09,89.09,146.2,174.2,133.1,QRLSTGSRINSAKRD,428.0,0
89.09,174.2,131.2,105.09,119.1,75.07,105.09,174.2,131.2,132.1,105.09,89.09,146.2,133.1,133.1,ARLSTGSRINSAKDD,1642.0,1
146.1,174.2,131.2,105.09,117.1,75.07,105.09,174.2,131.2,132.1,105.09,89.09,146.2,133.1,133.1,QRLSVGSRINSAKDD,1440.0,1
146.1,174.2,165.2,105.09,119.1,75.07,105.09,174.2,131.2,132.1,105.09,89.09,146.2,133.1,133.1,QRFSTGSRINSAKDD,2056.0,1
146.1,174.2,131.2,105.09,131.2,75.07,105.09,174.2,131.2,132.1,105.09,89.09,146.2,133.1,133.1,QRLSLGSRINSAKDD,1098.0,1
146.1,174.2,105.09,105.09,119.1,75.07,105.09,174.2,131.2,132.1,105.09,89.09,146.2,133.1,133.1,QRSSTGSRINSAKDD,1192.0,1
146.1,174.2,131.2,105.09,119.1,75.07,105.09,174.2,131.2,132.1,105.09,89.09,146.2,119.1,133.1,QRLSTGSRINSAKTD,352.0,0
146.1,174.2,131.2,105.09,119.1,204.2,105.09,174.2,131.2,132.1,105.09,89.09,146.2,133.1,133.1,QRLSTWSRINSAKDD,1414.0,1
146.1,75.07,131.2,105.09,119.1,75.07,105.09,174.2,131.2,132.1,105.09,89.09,146.2,133.1,133.1,QGLSTGSRINSAKDD,1544.0,1
146.1,174.2,131.2,105.09,119.1,117.1,105.09,174.2,131.2,132.1,105.09,89.09,146.2,133.1,133.1,QRLSTVSRINSAKDD,1122.0,1
146.1,174.2,131.2,105.09,119.1,75.07,105.09,146.1,131.2,132.1,105.09,89.09,146.2,133.1,133.1,QRLSTGSQINSAKDD,1270.0,1
146.1,174.2,131.2,105.09,119.1,75.07,105.09,174.2,131.2,132.1,105.09,89.09,146.2,133.1,133.1,QRLSTGSRINSAKDD,1028.0,1
146.1,174.2,131.2,105.09,147.1,75.07,105.09,174.2,131.2,132.1,105.09,89.09,146.2,133.1,133.1,QRLSEGSRINSAKDD,1824.0,1
146.1,174.2,131.2,105.09,119.1,75.07,105.09,174.2,105.09,132.1,105.09,89.09,146.2,133.1,133.1,QRLSTGSRSNSAKDD,1210.0,1
146.1,174.2,131.2,105.09,119.1,75.07,105.09,174.2,131.2,132.1,105.09,89.09,146.2,117.1,133.1,QRLSTGSRINSAKVD,390.0,0
146.1,174.2,131.2,105.09,119.1,75.07,105.09,174.2,131.2,146.1,105.09,89.09,146.2,133.1,133.1,QRLSTGSRIQSAKDD,1422.0,1
146.1,174.2,131.2,105.09,119.1,75.07,105.09,174.2,165.2,132.1,105.09,89.09,146.2,133.1,133.1,QRLSTGSRFNSAKDD,1882.0,1
146.1,174.2,131.2,204.2,119.1,75.07,105.09,174.2,131.2,132.1,105.09,89.09,146.2,133.1,133.1,QRLWTGSRINSAKDD,1484.0,1
146.1,174.2,131.2,105.09,119.1,75.07,105.09,174.2,131.2,75.07,105.09,89.09,146.2,133.1,133.1,QRLSTGSRIGSAKDD,2034.0,1
146.1,174.2,131.2,105.09,119.1,75.07,105.09,174.2,131.2,132.1,174.2,89.09,146.2,133.1,133.1,QRLSTGSRINRAKDD,1964.0,1
146.1,174.2,131.2,105.09,119.1,75.07,105.09,174.2,131.2,132.1,105.09,89.09,146.2,133.1,75.07,QRLSTGSRINSAKDG,322.0,0
146.1,174.2,204.2,105.09,119.1,75.07,105.09,174.2,131.2,132.1,105.09,89.09,146.2,133.1,133.1,QRWSTGSRINSAKDD,1462.0,1
146.1,174.2,131.2,147.1,119.1,75.07,105.09,174.2,131.2,132.1,105.09,89.09,146.2,133.1,133.1,QRLETGSRINSAKDD,2962.0,1
146.1,174.2,131.2,105.09,204.2,75.07,105.09,174.2,131.2,132.1,105.09,89.09,146.2,133.1,133.1,QRLSWGSRINSAKDD,1468.0,1
146.1,174.2,131.2,105.09,119.1,75.07,105.09,174.2,131.2,132.1,105.09,89.09,155.2,133.1,133.1,QRLSTGSRINSAHDD,3032.0,1
105.09,174.2,131.2,105.09,119.1,75.07,105.09,174.2,131.2,132.1,105.09,89.09,146.2,133.1,133.1,SRLSTGSRINSAKDD,1556.0,1
146.1,174.2,131.2,131.2,119.1,75.07,105.09,174.2,131.2,132.1,105.09,89.09,146.2,133.1,133.1,QRLLTGSRINSAKDD,1646.0,1
